use centrovax;

INSERT INTO `centro_vaccinale` (`id`, `nome`, `lati`, `longi`, `maxf1`, `maxf2`) VALUES
(1, 'blocco sud', 43.585275, 13.514147, 10, 10),
(2, 'ugo bassi', 43.603466, 13.507289, 4, 6),
(3, 'Dip. Ingengneria', 43.586838, 13.516867, 16, 16),
(4, 'Cimitero Tavernelle', 43.589946, 13.518576, 8, 8),
(5, 'Piazza Cavour', 43.616886, 13.516915, 6, 12),
(6, 'Varano', 43.569086, 13.546493, 8, 8),
(7, 'McDonald', 43.558163, 13.510551, 16, 16),
(8, 'Burger King', 43.550007, 13.511048, 16, 16),
(9, 'Torrette', 43.614551, 13.431032, 8, 8),
(10, 'Stadio Dorico', 43.616847, 13.529931, 16, 16),
(11, 'Stadio Dorico 2', 43.61658, 13.529906, 16, 16),
(12, 'Farmacia di Termoli', 41.9983273, 14.9939366, 10, 12);


INSERT INTO `vaccino` (`id`, `nome`, `validita`) VALUES
(1, 'Pfizer', 180),
(2, 'Astrazeneca', 130),
(4, 'Moderna', 120),
(5, 'Covovax', 150),
(6, 'simone', 30),
(7, 'vaccino zero', 0),
(8, 'vaccino1', 30);



INSERT INTO `users` (`id`, `cf`, `username`, `password`, `tipo`) VALUES
(1, 'DYTDZW30L41E573J', 'admin1', 'd82494f05d6917ba02f7aaa29689ccb444bb73f20380876cb05d1f37537b7892', 1),
(2, 'LCCSFJ32S42E985X', 'admin2', 'd82494f05d6917ba02f7aaa29689ccb444bb73f20380876cb05d1f37537b7892', 1),
(3, 'FMZVQI10A47Z337B', 'user1', '5e884898da28047151d0e56f8dc6292773603d0d6aabbdd62a11ef721d1542d8', 0),
(4, 'MMMJHP38H05G556R', 'user2', '5e884898da28047151d0e56f8dc6292773603d0d6aabbdd62a11ef721d1542d8', 0),
(5, 'LNDXWB61D03A921T', 'user3', '5e884898da28047151d0e56f8dc6292773603d0d6aabbdd62a11ef721d1542d8', 0),
(6, 'JXBMLL49L06G931I', 'user4', '5e884898da28047151d0e56f8dc6292773603d0d6aabbdd62a11ef721d1542d8', 0),
(7, 'BRSZNM10M01H450W', 'user5', '5e884898da28047151d0e56f8dc6292773603d0d6aabbdd62a11ef721d1542d8', 0),
(8, 'YCPNBF97P21D302R', 'francesco', '5e884898da28047151d0e56f8dc6292773603d0d6aabbdd62a11ef721d1542d8', 0),
(15, 'simone', 'sca', '5e884898da28047151d0e56f8dc6292773603d0d6aabbdd62a11ef721d1542d8', 0),
(16, 'Leo', 'Leouser', '5e884898da28047151d0e56f8dc6292773603d0d6aabbdd62a11ef721d1542d8', 0),
(17, 'pippo', 'pippouser', '5e884898da28047151d0e56f8dc6292773603d0d6aabbdd62a11ef721d1542d8', 0),
(18, 'pluto', 'plutouser', '5e884898da28047151d0e56f8dc6292773603d0d6aabbdd62a11ef721d1542d8', 0),
(19, 'paperino', 'papuser', '5e884898da28047151d0e56f8dc6292773603d0d6aabbdd62a11ef721d1542d8', 0),
(21, 'LWMDPN91L41H481N', 'user6', '5e884898da28047151d0e56f8dc6292773603d0d6aabbdd62a11ef721d1542d8', 0),
(22, 'GCYNCM54L05B811W', 'user7', '5e884898da28047151d0e56f8dc6292773603d0d6aabbdd62a11ef721d1542d8', 0),
(23, 'RJHLHS63L47L709Q', 'user8', '5e884898da28047151d0e56f8dc6292773603d0d6aabbdd62a11ef721d1542d8', 0),
(25, 'YVMPND17R43Z613T', 'user9', '5e884898da28047151d0e56f8dc6292773603d0d6aabbdd62a11ef721d1542d8', 0),
(26, 'VQQRVB33D41I534K', 'user10', '5e884898da28047151d0e56f8dc6292773603d0d6aabbdd62a11ef721d1542d8', 0),
(34, 'ULZUEXFQS4LNSPON', 'user18', '5e884898da28047151d0e56f8dc6292773603d0d6aabbdd62a11ef721d1542d8', 0),
(35, 'BX30FJHWJZRQNAF3', 'user11', '5e884898da28047151d0e56f8dc6292773603d0d6aabbdd62a11ef721d1542d8', 0),
(36, 'APUSKA3UBKC91B7G', 'user15', '5e884898da28047151d0e56f8dc6292773603d0d6aabbdd62a11ef721d1542d8', 0),
(37, '5Q3816FUIIAQ2KXR', 'user17', '5e884898da28047151d0e56f8dc6292773603d0d6aabbdd62a11ef721d1542d8', 0),
(38, '3VLJQ8MW5ESC8AGU', 'user14', '5e884898da28047151d0e56f8dc6292773603d0d6aabbdd62a11ef721d1542d8', 0),
(39, 'PAOCZAZ1U46VE091', 'user42', '5e884898da28047151d0e56f8dc6292773603d0d6aabbdd62a11ef721d1542d8', 0),
(40, 'JPP12L1HOXEBKSPD', 'user73', '5e884898da28047151d0e56f8dc6292773603d0d6aabbdd62a11ef721d1542d8', 0),
(41, 'XDONDFHCBI02Z44K', 'user58', '5e884898da28047151d0e56f8dc6292773603d0d6aabbdd62a11ef721d1542d8', 0),
(42, 'J1C1ELP0AYV1WELG', 'user59', '5e884898da28047151d0e56f8dc6292773603d0d6aabbdd62a11ef721d1542d8', 0),
(43, 'R49GTDGNRF5XLQED', 'user60', '5e884898da28047151d0e56f8dc6292773603d0d6aabbdd62a11ef721d1542d8', 0),
(44, 'LUGNS2EZKY3YGB8P', 'user62', '5e884898da28047151d0e56f8dc6292773603d0d6aabbdd62a11ef721d1542d8', 0),
(45, 'DU71OFX531BKFQAB', 'user67', '5e884898da28047151d0e56f8dc6292773603d0d6aabbdd62a11ef721d1542d8', 0),
(46, 'QE2UWJ2JE4CWBDKG', 'user66', '5e884898da28047151d0e56f8dc6292773603d0d6aabbdd62a11ef721d1542d8', 0),
(47, '4549WFMDMO5YADS9', 'user33', '5e884898da28047151d0e56f8dc6292773603d0d6aabbdd62a11ef721d1542d8', 0),
(48, '8A84AR6496STXPTR', 'user63', '5e884898da28047151d0e56f8dc6292773603d0d6aabbdd62a11ef721d1542d8', 0),
(49, 'REVR22OFRP6HOJU6', 'user16', '5e884898da28047151d0e56f8dc6292773603d0d6aabbdd62a11ef721d1542d8', 0),
(50, 'PLV1XTW37NSNXDNA', 'user12', '5e884898da28047151d0e56f8dc6292773603d0d6aabbdd62a11ef721d1542d8', 0),
(51, 'DQ0PWEV69S83BN8F', 'user13', '5e884898da28047151d0e56f8dc6292773603d0d6aabbdd62a11ef721d1542d8', 0),
(52, 'TSJ27CRMCJJ2KJAR', 'user21', '5e884898da28047151d0e56f8dc6292773603d0d6aabbdd62a11ef721d1542d8', 0),
(53, 'RCW5JFW6CRE9AY0C', 'user19', '5e884898da28047151d0e56f8dc6292773603d0d6aabbdd62a11ef721d1542d8', 0),
(54, '8B2209WG3SPH1G7S', 'user20', '5e884898da28047151d0e56f8dc6292773603d0d6aabbdd62a11ef721d1542d8', 0),
(55, 'M8B2PIIJAL1IHPPW', 'user39', '5e884898da28047151d0e56f8dc6292773603d0d6aabbdd62a11ef721d1542d8', 0),
(56, 'ECPR4CESVN5H3ZOZ', 'user25', '5e884898da28047151d0e56f8dc6292773603d0d6aabbdd62a11ef721d1542d8', 0),
(57, 'FGUV9B072Y1S8RJI', 'user47', '5e884898da28047151d0e56f8dc6292773603d0d6aabbdd62a11ef721d1542d8', 0),
(58, '57CNF8Z76R1G97RC', 'user61', '5e884898da28047151d0e56f8dc6292773603d0d6aabbdd62a11ef721d1542d8', 0),
(59, 'PWJXQ5XZMJ0M1VB1', 'user41', '5e884898da28047151d0e56f8dc6292773603d0d6aabbdd62a11ef721d1542d8', 0),
(60, 'AJSMIM847SDBQ8IT', 'user55', '5e884898da28047151d0e56f8dc6292773603d0d6aabbdd62a11ef721d1542d8', 0),
(61, 'XY4376617VENDIEU', 'user29', '5e884898da28047151d0e56f8dc6292773603d0d6aabbdd62a11ef721d1542d8', 0),
(62, '9KXMV7MFN2T4NWXN', 'user37', '5e884898da28047151d0e56f8dc6292773603d0d6aabbdd62a11ef721d1542d8', 0),
(63, '5OGUUW4RBSCTV5TC', 'user32', '5e884898da28047151d0e56f8dc6292773603d0d6aabbdd62a11ef721d1542d8', 0),
(64, 'OJMIJBRHYAX1AIN0', 'user50', '5e884898da28047151d0e56f8dc6292773603d0d6aabbdd62a11ef721d1542d8', 0),
(65, 'C5YA6U06MRTE90A5', 'user27', '5e884898da28047151d0e56f8dc6292773603d0d6aabbdd62a11ef721d1542d8', 0),
(66, 'PNJGWX60XECU4B74', 'user53', '5e884898da28047151d0e56f8dc6292773603d0d6aabbdd62a11ef721d1542d8', 0),
(67, 'MVAG5NP0OQK12CE1', 'user54', '5e884898da28047151d0e56f8dc6292773603d0d6aabbdd62a11ef721d1542d8', 0),
(68, 'XD11JRUQALZVIOFL', 'user51', '5e884898da28047151d0e56f8dc6292773603d0d6aabbdd62a11ef721d1542d8', 0),
(69, 'TLVQ8S4GFLEXCXVR', 'user56', '5e884898da28047151d0e56f8dc6292773603d0d6aabbdd62a11ef721d1542d8', 0),
(70, 'H8F6JC9ACLPFMG01', 'user43', '5e884898da28047151d0e56f8dc6292773603d0d6aabbdd62a11ef721d1542d8', 0),
(71, 'FV4HGUKTDXEF01L1', 'user31', '5e884898da28047151d0e56f8dc6292773603d0d6aabbdd62a11ef721d1542d8', 0),
(72, 'GKXTMM4IV8QI1GBQ', 'user46', '5e884898da28047151d0e56f8dc6292773603d0d6aabbdd62a11ef721d1542d8', 0),
(73, 'UQOUNQW4JPVCG4X2', 'user49', '5e884898da28047151d0e56f8dc6292773603d0d6aabbdd62a11ef721d1542d8', 0),
(74, '8UU141XH5MZT5TYP', 'user28', '5e884898da28047151d0e56f8dc6292773603d0d6aabbdd62a11ef721d1542d8', 0),
(75, 'A5DI0POM40AG21V4', 'user24', '5e884898da28047151d0e56f8dc6292773603d0d6aabbdd62a11ef721d1542d8', 0),
(76, '7U3Z6J39EOLYAECA', 'user26', '5e884898da28047151d0e56f8dc6292773603d0d6aabbdd62a11ef721d1542d8', 0),
(77, 'LVMZ98AAYVGDTQIO', 'user22', '5e884898da28047151d0e56f8dc6292773603d0d6aabbdd62a11ef721d1542d8', 0),
(78, 'KZBMC6EYPVL1K6BL', 'user48', '5e884898da28047151d0e56f8dc6292773603d0d6aabbdd62a11ef721d1542d8', 0),
(79, 'LTFW67EEEB7LBY9V', 'user40', '5e884898da28047151d0e56f8dc6292773603d0d6aabbdd62a11ef721d1542d8', 0),
(80, '0O2F8GPXVBWBBPJE', 'user64', '5e884898da28047151d0e56f8dc6292773603d0d6aabbdd62a11ef721d1542d8', 0),
(81, 'KNIUH966BKX51YPF', 'user52', '5e884898da28047151d0e56f8dc6292773603d0d6aabbdd62a11ef721d1542d8', 0),
(82, 'G3R3CB83897KA0KW', 'user23', '5e884898da28047151d0e56f8dc6292773603d0d6aabbdd62a11ef721d1542d8', 0),
(83, '7N0YHYC9EQL2QXKX', 'user57', '5e884898da28047151d0e56f8dc6292773603d0d6aabbdd62a11ef721d1542d8', 0),
(84, 'SDH9IG4295E60QBE', 'user45', '5e884898da28047151d0e56f8dc6292773603d0d6aabbdd62a11ef721d1542d8', 0),
(85, 'CVLRSSF6NRYTSB8G', 'user36', '5e884898da28047151d0e56f8dc6292773603d0d6aabbdd62a11ef721d1542d8', 0),
(86, 'XCMTIWVLH5TGNAX3', 'user35', '5e884898da28047151d0e56f8dc6292773603d0d6aabbdd62a11ef721d1542d8', 0),
(87, '5JZITETQMPF65CW2', 'user44', '5e884898da28047151d0e56f8dc6292773603d0d6aabbdd62a11ef721d1542d8', 0),
(88, 'VXK0GKAWL6DGNA8Z', 'user38', '5e884898da28047151d0e56f8dc6292773603d0d6aabbdd62a11ef721d1542d8', 0),
(89, 'SKSI8EVRCE20JVOA', 'user34', '5e884898da28047151d0e56f8dc6292773603d0d6aabbdd62a11ef721d1542d8', 0),
(90, 'V1MIRM1S7W443LHS', 'user70', '5e884898da28047151d0e56f8dc6292773603d0d6aabbdd62a11ef721d1542d8', 0),
(91, 'BWWARO5XNI22IOYT', 'user30', '5e884898da28047151d0e56f8dc6292773603d0d6aabbdd62a11ef721d1542d8', 0),
(92, 'ER5EV887JIXZXAEZ', 'user69', '5e884898da28047151d0e56f8dc6292773603d0d6aabbdd62a11ef721d1542d8', 0),
(93, 'VJC1JXK7NG2U1ODT', 'user68', '5e884898da28047151d0e56f8dc6292773603d0d6aabbdd62a11ef721d1542d8', 0),
(94, 'UDI2TACLQKAAGLPU', 'user71', '5e884898da28047151d0e56f8dc6292773603d0d6aabbdd62a11ef721d1542d8', 0),
(95, 'BRWBSVWNMQ7DFQQT', 'user78', '5e884898da28047151d0e56f8dc6292773603d0d6aabbdd62a11ef721d1542d8', 0),
(96, 'Y3Z0HFA2B4LXNZ6R', 'user74', '5e884898da28047151d0e56f8dc6292773603d0d6aabbdd62a11ef721d1542d8', 0),
(97, 'F8ZSWA4GSE0EIJFR', 'user72', '5e884898da28047151d0e56f8dc6292773603d0d6aabbdd62a11ef721d1542d8', 0),
(98, '9998VLIURNY9SVUQ', 'user65', '5e884898da28047151d0e56f8dc6292773603d0d6aabbdd62a11ef721d1542d8', 0),
(99, 'PPCW6URR6EH3Z5AO', 'user82', '5e884898da28047151d0e56f8dc6292773603d0d6aabbdd62a11ef721d1542d8', 0),
(100, 'E1AFPMN4KZDW1VG1', 'user75', '5e884898da28047151d0e56f8dc6292773603d0d6aabbdd62a11ef721d1542d8', 0),
(101, 'E00K0Q45H5PZXAGE', 'user94', '5e884898da28047151d0e56f8dc6292773603d0d6aabbdd62a11ef721d1542d8', 0),
(102, 'GLOYJ6SKAGZHZOTE', 'user83', '5e884898da28047151d0e56f8dc6292773603d0d6aabbdd62a11ef721d1542d8', 0),
(103, '6RCYBHHYC3K9TFRN', 'user89', '5e884898da28047151d0e56f8dc6292773603d0d6aabbdd62a11ef721d1542d8', 0),
(104, 'TGPQFZTNDCKAHY3F', 'user85', '5e884898da28047151d0e56f8dc6292773603d0d6aabbdd62a11ef721d1542d8', 0),
(105, 'B4T83K2SIMAXDO3C', 'user80', '5e884898da28047151d0e56f8dc6292773603d0d6aabbdd62a11ef721d1542d8', 0),
(106, '79OC5AR6TE4KKMK8', 'user88', '5e884898da28047151d0e56f8dc6292773603d0d6aabbdd62a11ef721d1542d8', 0),
(107, '28588X90DXFSAPQN', 'user81', '5e884898da28047151d0e56f8dc6292773603d0d6aabbdd62a11ef721d1542d8', 0),
(108, 'FBJN3AJD4XP0AI86', 'user76', '5e884898da28047151d0e56f8dc6292773603d0d6aabbdd62a11ef721d1542d8', 0),
(109, '93D4NJ3S59HMKGK5', 'user86', '5e884898da28047151d0e56f8dc6292773603d0d6aabbdd62a11ef721d1542d8', 0),
(110, '8MKZW5PBVEPS0CUR', 'user84', '5e884898da28047151d0e56f8dc6292773603d0d6aabbdd62a11ef721d1542d8', 0),
(111, '8SVST1DOD23MWHNC', 'user87', '5e884898da28047151d0e56f8dc6292773603d0d6aabbdd62a11ef721d1542d8', 0),
(112, '7FT680VJGA5GJRJC', 'user98', '5e884898da28047151d0e56f8dc6292773603d0d6aabbdd62a11ef721d1542d8', 0),
(113, 'BAMFY03JT1YT6Y2V', 'user95', '5e884898da28047151d0e56f8dc6292773603d0d6aabbdd62a11ef721d1542d8', 0),
(114, '9T13KG7JA50BPOW1', 'user97', '5e884898da28047151d0e56f8dc6292773603d0d6aabbdd62a11ef721d1542d8', 0),
(115, 'XN16DH5TGOLH3K7A', 'user92', '5e884898da28047151d0e56f8dc6292773603d0d6aabbdd62a11ef721d1542d8', 0),
(116, 'E13QA8AHCLCTQLVR', 'user93', '5e884898da28047151d0e56f8dc6292773603d0d6aabbdd62a11ef721d1542d8', 0),
(117, 'DXOGJR357LYJLWLI', 'user77', '5e884898da28047151d0e56f8dc6292773603d0d6aabbdd62a11ef721d1542d8', 0),
(118, 'KGZ4KPC0NJU426EE', 'user79', '5e884898da28047151d0e56f8dc6292773603d0d6aabbdd62a11ef721d1542d8', 0),
(119, 'IOPFHVX1D3RHO7WE', 'user103', '5e884898da28047151d0e56f8dc6292773603d0d6aabbdd62a11ef721d1542d8', 0),
(120, 'DRUS5L6DUIU3E7AH', 'user96', '5e884898da28047151d0e56f8dc6292773603d0d6aabbdd62a11ef721d1542d8', 0),
(121, 'MPY47WMJ1TZGYLHB', 'user90', '5e884898da28047151d0e56f8dc6292773603d0d6aabbdd62a11ef721d1542d8', 0),
(122, '8BDPTP8Z0DZMLWZI', 'user109', '5e884898da28047151d0e56f8dc6292773603d0d6aabbdd62a11ef721d1542d8', 0),
(123, 'GZABRBNR1XIH23FD', 'user102', '5e884898da28047151d0e56f8dc6292773603d0d6aabbdd62a11ef721d1542d8', 0),
(124, 'OKP4G9XTQEC8IHRZ', 'user101', '5e884898da28047151d0e56f8dc6292773603d0d6aabbdd62a11ef721d1542d8', 0),
(125, '05UJATMJMOHLB34H', 'user104', '5e884898da28047151d0e56f8dc6292773603d0d6aabbdd62a11ef721d1542d8', 0),
(126, 'M3PXYDMBXP7R3SJ3', 'user110', '5e884898da28047151d0e56f8dc6292773603d0d6aabbdd62a11ef721d1542d8', 0),
(127, 'U3B6CEAHYDY0IGGW', 'user105', '5e884898da28047151d0e56f8dc6292773603d0d6aabbdd62a11ef721d1542d8', 0),
(128, 'F4V9U7J9HIW8GW8B', 'user99', '5e884898da28047151d0e56f8dc6292773603d0d6aabbdd62a11ef721d1542d8', 0),
(129, 'RODJPHIG9TXNCJO8', 'user91', '5e884898da28047151d0e56f8dc6292773603d0d6aabbdd62a11ef721d1542d8', 0),
(130, '2KJULK12L7MNL8OF', 'user107', '5e884898da28047151d0e56f8dc6292773603d0d6aabbdd62a11ef721d1542d8', 0),
(131, '6XPB3EGML862FSUY', 'user106', '5e884898da28047151d0e56f8dc6292773603d0d6aabbdd62a11ef721d1542d8', 0),
(132, 'VN1CAS7TMWPQ8BYB', 'user100', '5e884898da28047151d0e56f8dc6292773603d0d6aabbdd62a11ef721d1542d8', 0),
(133, 'VJ5FR2JNBNPEGJWE', 'user108', '5e884898da28047151d0e56f8dc6292773603d0d6aabbdd62a11ef721d1542d8', 0);


INSERT INTO `prenotazione` (`id`, `data`, `fascia`, `slot`, `centro_vac_id`, `vaccinoid`, `userid`, `stato`, `uuid`) VALUES
(3, '2022-07-01', 2, 10, 3, 5, 3, 1, '3ffeaed2-51ee-41bc-b46e-7e63904bfa1a'),
(4, '2022-07-04', 2, 15, 8, 5, 5, 1, '271ba1ed-f2db-426a-87af-42a6733916c4'),
(5, '2022-07-06', 1, 14, 8, 1, 6, 2, '326be5ec-b8a5-4e2d-a50d-d8648f19285c'),
(7, '2022-07-06', 1, 15, 8, 4, 1, 1, '0d44098c-7b64-462a-81bb-a3924566cbbf'),
(8, '2022-07-06', 1, 16, 8, 5, 1, 1, 'c4b942a2-9b9c-4839-be00-93eb53285f76'),
(9, '2022-07-06', 1, 12, 8, 6, 1, 1, 'e648a3e8-e45b-4ea0-8adf-da4d8913c696'),
(10, '2022-07-06', 1, 11, 8, 7, 1, 1, '9bb12b2b-3dd9-444b-9134-906edc0b9a88'),
(11, '2022-07-06', 1, 13, 8, 1, 1, 2, 'fc2b04ea-be6e-4fd6-9519-334f15a27518'),
(29, '2022-07-01', 1, 3, 3, 1, 3, 2, '4a3063a1-ce53-4a87-8478-5bc21bb59582'),
(30, '2022-07-01', 1, 4, 3, 1, 4, 2, 'f24cca2e-a051-48d9-bcd7-6115da5e1b90'),
(31, '2022-07-01', 1, 3, 8, 1, 3, 2, 'acfb6631-4538-4467-abfd-de7aa7b4770a'),
(76, '2022-07-06', 2, 20, 8, 2, 1, 1, 'c591a7e4-a519-49f3-b625-f26e5cd76909'),
(107, '2022-12-20', 1, 3, 1, 2, 3, 0, '694cfce5-00e0-4f99-8e05-c794117019a6'),
(119, '2022-12-31', 1, 6, 3, 6, 3, 0, '8d47da16-f9c1-43fd-a1ed-2c96ff49bc64'),
(134, '2022-07-10', 2, 22, 2, 2, 19, 1, '3a4ec1d1-9d6b-4cce-b67d-437463927626'),
(143, '2022-07-10', 2, 22, 2, 2, 19, 1, 'b8c5e775-4612-45c4-8622-aea617445e5a'),
(144, '2022-12-31', 1, 4, 1, 2, 4, 0, 'c4344a08-d16b-42a7-9ff7-6e37259272c3'),
(145, '2022-10-20', 1, 4, 1, 7, 3, 0, 'c9aaeb5a-7edd-4db8-a72f-a120ea201c13'),
(150, '2022-10-21', 1, 2, 2, 7, 3, 0, '20b9fb17-6d82-41f9-a34d-82bb65a64243'),
(151, '2022-07-23', 1, 1, 2, 2, 21, 0, 'da9aea1b-70c4-48a3-9a17-435af234c936'),
(152, '2022-07-23', 1, 2, 2, 2, 23, 0, '9910ff29-f304-4f09-b9c0-dd7f2b44888c'),
(153, '2022-07-23', 1, 6, 2, 2, 15, 0, '1b70319b-a68b-4194-bbb8-ba417a7b31d9'),
(154, '2022-07-23', 1, 8, 2, 2, 16, 0, '5bb7b84c-34c8-4bc3-a3f7-4205530265db'),
(155, '2022-07-23', 2, 17, 2, 2, 17, 0, '7372bfc8-00eb-4bd4-a15a-44ab6f992b72'),
(156, '2022-07-23', 2, 18, 2, 2, 22, 0, '64c4b06e-de5e-4660-93a3-399e57975126'),
(157, '2022-07-23', 2, 20, 2, 2, 25, 0, '1043eed0-1fee-4106-811e-656d9ed4c98f'),
(158, '2022-07-23', 2, 22, 2, 2, 26, 0, '51c8a718-6ffe-445a-a5a9-a7fc9836dc09'),
(159, '2022-07-23', 2, 26, 2, 2, 8, 0, '12c1022a-025b-4a33-9e7d-029ecb58ac4b'),
(160, '2022-07-23', 2, 27, 2, 2, 4, 0, '73d45c14-fea3-47dc-9f76-e98baf382ca4'),
(161, '2022-07-22', 1, 1, 3, 2, 15, 0, '73d45c14-fea3-47dc-9f76-e98baf382ca4'),
(162, '2022-07-22', 2, 17, 3, 2, 16, 0, 'befee7a2-ca53-4436-a6c7-cebf86de5d4e'),
(168, '2022-07-25', 1, 4, 1, 6, 86, 0, 'ecefdc83-dc5f-4642-b416-af7844cb9e24'),
(169, '2022-07-25', 1, 5, 1, 6, 51, 0, '5d76844c-c8cc-4625-9ae5-5208f9dbc9c6'),
(170, '2022-07-22', 1, 5, 1, 6, 50, 0, 'a6534a52-29e2-4f64-8097-9cc0f78d5ff1');

