--
-- Dump dei dati per la tabella `centro_vaccinale`
--
USE centrovax;
INSERT INTO `centro_vaccinale` (`id`, `nome`, `lati`, `longi`, `maxf1`, `maxf2`) VALUES
(1, 'blocco sud', 43.585275, 13.514147, 10, 10),
(2, 'ugo bassi', 43.603466, 13.507289, 4, 6),
(3, 'Dip. Ingengneria', 43.586838, 13.516867, 16, 16),
(4, 'Cimitero Tavernelle', 43.589946, 13.518576, 8, 8),
(5, 'Piazza Cavour', 43.616886, 13.516915, 6, 12),
(6, 'Varano', 43.569086, 13.546493, 8, 8),
(7, 'McDonald', 43.558163, 13.510551, 16, 16),
(8, 'Burger King', 43.550007, 13.511048, 16, 16),
(9, 'Torrette', 43.614551, 13.431032, 8, 8),
(10, 'Stadio Dorico', 43.616847, 13.529931, 16, 16),
(11, 'Stadio Dorico 2', 43.61658, 13.529906, 16, 16),
(22, 'll', 10, 5, 10, 2),
(23, 'centro prova', 10, 10, 10, 10),
(26, 'centro prova1', 10, 10, 10, 10);

--
-- Dump dei dati per la tabella `users`
--

INSERT INTO `users` (`id`, `cf`, `username`, `password`, `tipo`) VALUES
(1, 'DYTDZW30L41E573J', 'admin11', 'd82494f05d6917ba02f7aaa29689ccb444bb73f20380876cb05d1f37537b7892', 1),
(2, 'LCCSFJ32S42E985X', 'admin2', '89d4431ca96c422ddfbcb412761a6a32464e6b5da2c582c8bf800a182739cc0b', 1),
(3, 'FMZVQI10A47Z337B', 'user1', '5e884898da28047151d0e56f8dc6292773603d0d6aabbdd62a11ef721d1542d8', 0),
(4, 'MMMJHP38H05G556R', 'user2', '5e884898da28047151d0e56f8dc6292773603d0d6aabbdd62a11ef721d1542d8', 0),
(5, 'LNDXWB61D03A921T', 'user3', '5e884898da28047151d0e56f8dc6292773603d0d6aabbdd62a11ef721d1542d8', 0),
(6, 'JXBMLL49L06G931I', 'user4', '5e884898da28047151d0e56f8dc6292773603d0d6aabbdd62a11ef721d1542d8', 0),
(7, 'BRSZNM10M01H450W', 'user5', '5e884898da28047151d0e56f8dc6292773603d0d6aabbdd62a11ef721d1542d8', 0),
(8, 'YCPNBF97P21D302R', 'francesco', 'a2cab1deca58c8353168310f520c3bb7e45466e6722d771bed19126077b58703', 0),
(15, 'simone', 'sca', '5e153f1c48b84d37acb51406dbbee556f46950fa6fe773688b5cb6df24d4600a', 0),
(16, 'Leo', 'Leouser', 'a2cab1deca58c8353168310f520c3bb7e45466e6722d771bed19126077b58703', 0),
(17, 'pippo', 'pippouser', 'a2cab1deca58c8353168310f520c3bb7e45466e6722d771bed19126077b58703', 0),
(18, 'pluto', 'plutouser', 'a2cab1deca58c8353168310f520c3bb7e45466e6722d771bed19126077b58703', 0),
(19, 'paperino', 'papuser', 'a2cab1deca58c8353168310f520c3bb7e45466e6722d771bed19126077b58703', 0);

-- --------------------------------------------------------

--
-- Struttura della tabella `vaccino`
--



--
-- Dump dei dati per la tabella `vaccino`
--

INSERT INTO `vaccino` (`id`, `nome`, `validita`) VALUES
(1, 'Pfizer', 180),
(2, 'Astrazeneca', 130),
(4, 'Moderna', 120),
(5, 'Covovax', 150),
(6, 'simone', 30),
(7, 'vaccino test', 0),
(8, 'nome valido', 10);



--
-- Dump dei dati per la tabella `prenotazione`
--

INSERT INTO `prenotazione` (`id`, `data`, `fascia`, `slot`, `centro_vac_id`, `vaccinoid`, `userid`, `stato`, `uuid`) VALUES
(2, '2022-06-30', 1, 5, 1, 4, 4, 1, 'b456604b-766b-4cd4-b122-67cb34c5a0c2'),
(3, '2022-07-01', 2, 10, 3, 5, 3, 1, '3ffeaed2-51ee-41bc-b46e-7e63904bfa1a'),
(4, '2022-07-04', 2, 15, 8, 5, 5, 1, '271ba1ed-f2db-426a-87af-42a6733916c4'),
(5, '2022-07-06', 1, 14, 8, 1, 6, 2, '326be5ec-b8a5-4e2d-a50d-d8648f19285c'),
(7, '2022-07-06', 1, 14, 8, 1, 1, 1, '0d44098c-7b64-462a-81bb-a3924566cbbf'),
(8, '2022-07-06', 1, 14, 8, 1, 1, 1, 'c4b942a2-9b9c-4839-be00-93eb53285f76'),
(9, '2022-07-06', 1, 14, 8, 1, 1, 1, 'e648a3e8-e45b-4ea0-8adf-da4d8913c696'),
(10, '2022-07-06', 1, 14, 8, 1, 1, 1, '9bb12b2b-3dd9-444b-9134-906edc0b9a88'),
(11, '2022-07-06', 1, 14, 8, 1, 1, 2, 'fc2b04ea-be6e-4fd6-9519-334f15a27518'),
(16, '2000-02-19', 1, 14, 8, 1, 1, 1, 'ee9cbdd2-8c36-4aab-b2c1-e3872f3ab1bb'),
(18, '2000-02-20', 1, 14, 8, 1, 1, 1, '95ecd980-0802-4a45-8438-38815cd51bd7'),
(19, '2000-01-31', 1, 14, 8, 1, 1, 1, '1d701e33-5751-4efe-b2dd-dada9595671a'),
(20, '2000-01-31', 1, 14, 8, 1, 1, 2, '9d4660cd-01ff-45fb-893d-db9e29352476'),
(21, '2000-01-31', 1, 14, 8, 1, 1, 1, '0d3d51ec-a7d9-4924-acc4-c488d04414c1'),
(22, '2000-01-31', 1, 14, 8, 1, 1, 1, 'ed260888-2e3c-4768-a8ed-85e498baf291'),
(23, '2000-01-31', 1, 14, 8, 1, 1, 1, 'b802ad21-581b-4c8c-b6f1-8bd011f2565f'),
(24, '2000-02-01', 1, 14, 8, 1, 1, 1, '5ce16256-9ff3-4b60-8c85-36f18ad9a0cc'),
(25, '2000-03-01', 1, 14, 8, 1, 1, 1, '15eb65ad-5a07-4fae-ad3b-0b227b27d892'),
(26, '2000-03-02', 1, 14, 8, 1, 1, 1, '06d861f2-3dde-42c5-a8a8-ffda9a2a8214'),
(27, '2000-02-25', 1, 14, 8, 1, 1, 1, 'dc42185e-6a09-4aa2-add2-18fc86c0e953'),
(28, '2020-02-02', 1, 14, 8, 1, 1, 1, 'f0ea7ffd-29a6-4209-9851-46af519bbf48'),
(29, '2022-07-01', 1, 3, 3, 1, 3, 2, '4a3063a1-ce53-4a87-8478-5bc21bb59582'),
(30, '2022-07-01', 1, 4, 3, 1, 4, 2, 'f24cca2e-a051-48d9-bcd7-6115da5e1b90'),
(31, '2022-07-01', 1, 3, 8, 1, 3, 2, 'acfb6631-4538-4467-abfd-de7aa7b4770a'),
(65, '2022-06-30', 1, 15, 3, 1, 1, 2, '1a17d122-07d5-4cd4-afed-ae286467cab9'),
(76, '2022-07-06', 2, 1, 1, 1, 1, 1, 'c591a7e4-a519-49f3-b625-f26e5cd76909'),
(107, '2022-12-20', 1, 3, 1, 2, 3, 0, '694cfce5-00e0-4f99-8e05-c794117019a6'),
(119, '2022-12-31', 1, 6, 3, 6, 3, 0, '8d47da16-f9c1-43fd-a1ed-2c96ff49bc64'),
(120, '2022-07-09', 1, 5, 1, 2, 3, 0, 'c43a301a-53e9-40d6-b383-e1018cc64869'),
(121, '2022-07-09', 1, 6, 1, 2, 4, 0, 'e06672c1-fa99-400b-9f48-961ddc3acef7'),
(124, '2022-07-09', 1, 1, 2, 2, 4, 0, '1a10d72f-5a9e-47b4-a507-ca27a9f6883a'),
(125, '2022-07-09', 1, 2, 2, 2, 3, 0, '7999f153-2262-487d-8d21-70ff917edc87'),
(126, '2022-07-09', 1, 3, 2, 2, 6, 0, 'b5597870-c6b5-4596-a6db-d28df99a9dfb'),
(127, '2022-07-09', 1, 4, 2, 2, 7, 0, '5062edb3-830b-416c-9958-297c40d168c4'),
(128, '2022-07-09', 2, 17, 2, 2, 15, 0, 'e3c5d5fe-5d15-4974-a7d0-48ff34718e42'),
(129, '2022-07-09', 2, 18, 2, 2, 8, 0, '9f59d32f-90a7-49d3-95ce-5ebfa204490f'),
(130, '2022-07-09', 2, 19, 2, 2, 16, 0, '8f544aa5-c2bc-450e-9d85-6b2d6af491cb'),
(131, '2022-07-09', 2, 20, 2, 2, 17, 0, 'aa791091-2c2b-424a-ad38-19f272ef253a'),
(132, '2022-07-09', 2, 21, 2, 2, 18, 0, 'c75fa39e-863d-40ec-8b76-3e8f00a95557'),
(133, '2022-07-09', 2, 22, 2, 2, 19, 0, 'a91c7740-7fe6-4017-bcbc-99da0230cde9'),
(134, '2022-07-10', 2, 22, 2, 2, 19, 0, '3a4ec1d1-9d6b-4cce-b67d-437463927626'),
(143, '2022-07-10', 2, 22, 2, 2, 19, 0, 'b8c5e775-4612-45c4-8622-aea617445e5a'),
(144, '2023-12-31', 1, 4, 1, 2, 4, 1, 'c4344a08-d16b-42a7-9ff7-6e37259272c3');
